GPT4-MAPE,GPT4-R^2,GPT3.5-MAPE,GPT3.5-R^2,trend_strength,seas_strength
1.0,-0.18637491085890565,0.9873979984914336,-0.3573000053467488,-0.020636700627533585,-0.6814399373699493
-0.18637491085890565,1.0,-0.28320639975853806,0.8286954209993082,0.5755840259600259,0.4304714811270461
0.9873979984914336,-0.28320639975853806,1.0,-0.43348317814331405,-0.11508704607490433,-0.6699829113249919
-0.3573000053467488,0.8286954209993082,-0.43348317814331405,1.0,0.4883568955966373,0.5970887994611797
-0.020636700627533585,0.5755840259600259,-0.11508704607490433,0.4883568955966373,1.0,0.5089804654550105
-0.6814399373699493,0.4304714811270461,-0.6699829113249919,0.5970887994611797,0.5089804654550105,1.0
